﻿<?xml version="1.0" encoding="utf-8"?>
<opcua_server>
<!--  Server 名称 (必填) -->
<name>server</name>
<!--  Server port (必填) -->
<port>4845</port>
<!--  Server policy 信息 (必填) -->
<!--  选填： None / basic128rsa125 / encrypt with basic128rsa125 / basic256 / encrypt with basic256  -->
<policy>none</policy>
<!--  Server Certification 信息 (必填) -->
<!--  填写 cer 文件路径，不需要时，保持空白 -->
<!--  * e.g. C:\Users\yaoli\AppData\Roaming\alipay\cf\base64.cer -->
<serverCertification></serverCertification>
<!--  Server 信任的client 列表 (Optional) -->
<trustedClientCertifications>
  <!--  填写 cer 文件路径，不需要时，保持空白；信任多个client时，Copy 增加新的certification 字段-->  
  <!--  填写 cer 文件路径，不需要时，保持空白 -->
  <!--  * e.g. C:\Users\yaoli\AppData\Roaming\alipay\cf\base64.cer -->
  <certification></certification> 
</trustedClientCertifications>
<!--  Server 结构状态 (必填) -->
<structure>
  <!--  Server 支持的所有数据类型列表，注意初值的书写格式，不需要初始值时，可以不需要initialValue属性 -->
  <folder name="all supported datatypes">
    <folder name="singal element">
      <item name="boolean" access="read/write" datatype="boolean" initialValue="TRUE"></item>
      <item name="string" access="read/write" datatype="string" initialValue="stringtype"></item>
      <item name="sbyte" access="read/write" datatype="sbyte" initialValue="-10"></item>
      <item name="byte" access="read/write" datatype="byte" initialValue="10"></item>
      <item name="int16" access="read/write" datatype="int16" initialValue="-10"></item>
      <item name="int32" access="read/write" datatype="int32" initialValue="-20"></item>
      <item name="int64" access="read/write" datatype="int64" initialValue="-30"></item>
      <item name="uint16" access="read/write" datatype="uint16" initialValue="10"></item>
      <item name="uint32" access="read/write" datatype="uint32" initialValue="20"></item>
      <item name="uint64" access="read/write" datatype="uint64" initialValue="30"></item>
      <item name="double" access="read/write" datatype="double" initialValue="10.1"></item>
      <item name="float" access="read/write" datatype="float" initialValue="12.1"></item>
      <item name="datetime" access="read/write" datatype="datetime" initialValue="4/30/2004 7:48:47 PM"></item>
      <!--  byte string 初值需要用 () ，以区分array -->
      <item name="byte string" access="read/write" datatype="ByteString" initialValue="(1,2,3,4,5)"></item>   
    </folder>
    <folder name="array">
    <!--  所有的array 类型，使用 ',' 间隔不同的元素 -->
      <item name="boolean array" access="read/write" datatype="boolean array" initialValue="FALSE,TRUE,FALSE"></item> 
      <item name="string array" access="read/write" datatype="string array" initialValue="str1,str2,str3"></item>
      <item name="sbyte array" access="read/write" datatype="sbyte array" initialValue="-1,2,-3,4,-5,6,-7,8"></item>
      <item name="byte array" access="read/write" datatype="byte array" initialValue="1,2,3,4,5,6,7,8"></item>
      <item name="int16 array" access="read/write" datatype="int16 array" initialValue="-1,2,-3,4,-5,6,-7,8"></item>
      <item name="int32 array" access="read/write" datatype="int32 array" initialValue="-1,2,-3,4,-5,6,-7,8"></item>
      <item name="int64 array" access="read/write" datatype="int64 array" initialValue="-1,2,-3,4,-5,6,-7,8"></item>
      <item name="uint16 array" access="read/write" datatype="uint16 array" initialValue="1,2,3,4,5,6,7,8"></item>
      <item name="uint32 array" access="read/write" datatype="uint32 array" initialValue="1,2,3,4,5,6,7,8"></item>
      <item name="uint64 array" access="read/write" datatype="uint64 array" initialValue="1,2,3,4,5,6,7,8"></item>
      <item name="double array" access="read/write" datatype="double array" initialValue="1.1,2.2,3.3"></item>
      <item name="float array" access="read/write" datatype="float array" initialValue="1.1,2.2,3.3"></item>
      <item name="datetime array" access="read/write" datatype="datetime array" initialValue="4/30/2004 7:48:47 PM,5/30/2004 8:48:47 PM,6/30/2004 9:48:47 PM"></item>
    </folder>
  </folder>
  <!--  Server 结构状态 举例-->
  <folder name="structure demo">
    <folder name="device1">
      <item name="int1" access="read/write" datatype="int32" initialValue="50" description="">
      <property name="set point" access="read/write" datatype="int32" initialValue="12.4" description="Set point of int1."></property>
      <property name="status" access="read only" datatype="boolean" initialValue="FALSE" description="Status of int1."></property>
      </item>
    </folder>
    <folder name="device2">
      <folder name="device3">
        <item name="bool1" access="read/write" datatype="boolean" initialValue="FALSE" description="">
        <property name="set point" access="read/write" datatype="boolean" initialValue="FALSE" description="Set point of bool1."></property>
        <property name="status" access="read only" datatype="boolean" initialValue="FALSE" description="Status of bool1."></property>
        </item>
      </folder>
      <item name="str1" access="read/write" datatype="string" initialValue="" description="">
      <property name="set point" access="read/write" datatype="string" initialValue="test initialize" description="Set point of str1."></property>
      <property name="status" access="read only" datatype="boolean" initialValue="FALSE" description="Status of str1."></property>
      </item>
    </folder>
  </folder>
</structure>
</opcua_server>
